title,author,year
The Lightning Thief,Rick Riordan,2005
The Lost Hero,Rick Riordan,2010
The Blood of Olympus,Rick Riordan,2014
The Mark of Athena,Rick Riordan,2011
The Son of Neptune,Rick Riordan,2011
The Boys in the Boat,Daniel James Brown,2013
House of Hades,Rick Riordan,2013
The Devil in the White City,Erik Larson,2003
Houghton Mifflin Vocabulary Readers,Houghton Mifflin Company Staff,2005
Unbroken,Laura Hillenbrand,2010
Houghton Mifflin Science California,Houghton Mifflin Company Staff,2006
Powerless,Lauren Roberts,2023
Lo strano caso dei Giochi Olimpici,Elisabetta Dami,2004
Summer Olympics 2021 Sketch Book,Olympics Draw,2021
Olympics,Richard Platt,2012
Olympic Tourism,Mike Weed,2007
Ancient Greece and the Olympics,Mary Pope Osborne,2004
Olympic weightlifting,Greg Everett,2008
Triumph,Jeremy Schaap,2007
Olympics,unknown,2012
Modern Olympics,Chris Oxlade,2003
Olympics,Andy Miah,2012
